id,first_name,last_name,email,gender,company,department
1,Shea,Corbyn,scorbyn0@nifty.com,Polygender,Wordware,Legal
2,Gary,Votier,gvotier1@un.org,Genderfluid,Bubblemix,Accounting
3,Leticia,Jennins,ljennins2@cpanel.net,Bigender,Tavu,Support
4,Dickie,Overbury,doverbury3@engadget.com,Non-binary,Topicstorm,Product Management
5,Edwin,Baszniak,ebaszniak4@wiley.com,Female,Twimbo,Sales
6,Evin,Levermore,elevermore5@amazon.com,Genderfluid,Voonte,Services
7,Paton,Zanneli,pzanneli6@e-recht24.de,Genderfluid,Kaymbo,Human Resources
8,Alvinia,Malham,amalham7@phpbb.com,Non-binary,Layo,Research and Development
9,Gwen,Loyley,gloyley8@bravesites.com,Genderfluid,Roomm,Training
10,Catherina,Hoyer,choyer9@icq.com,Genderqueer,Skinix,Product Management
11,Katalin,Floodgate,kfloodgatea@mlb.com,Polygender,Browsecat,Research and Development
12,Almeda,Roback,arobackb@foxnews.com,Genderfluid,Digitube,Marketing
13,Etty,Meins,emeinsc@infoseek.co.jp,Bigender,Photojam,Human Resources
14,Bat,Grocott,bgrocottd@blinklist.com,Female,Zoonoodle,Sales
15,Athena,Mcasparan,amcasparane@house.gov,Female,Dabjam,Sales
16,Wandis,Jacquemot,wjacquemotf@gnu.org,Non-binary,Yambee,Marketing
17,Isac,Punton,ipuntong@goo.ne.jp,Male,Centidel,Accounting
18,Karlen,Routledge,kroutledgeh@merriam-webster.com,Non-binary,Meemm,Legal
19,Correy,Willshaw,cwillshawi@ask.com,Male,Trudeo,Product Management
20,Susan,Gobert,sgobertj@mac.com,Genderqueer,Skinder,Sales
21,Krissie,Maguire,kmaguirek@mail.ru,Polygender,Yombu,Training
22,Jere,Treske,jtreskel@ovh.net,Genderqueer,Brainverse,Business Development
23,Chandler,Oyley,coyleym@apache.org,Polygender,Yombu,Human Resources
24,Brook,Wanless,bwanlessn@smugmug.com,Genderfluid,Leenti,Marketing
25,Randa,Newman,rnewmano@ycombinator.com,Polygender,Gigazoom,Marketing
26,Lemuel,Good,lgoodp@nymag.com,Genderqueer,Mydeo,Engineering
27,Georgeanna,Jerger,gjergerq@chicagotribune.com,Female,Realblab,Marketing
28,Woodie,Dilliway,wdilliwayr@mlb.com,Bigender,Skiba,Product Management
29,Rosita,Storrie,rstorries@bbc.co.uk,Agender,Skajo,Accounting
30,Syman,Huygens,shuygenst@dedecms.com,Genderfluid,Roodel,Research and Development
31,Noel,Isakson,nisaksonu@blogs.com,Agender,Vinte,Services
32,Camile,Toy,ctoyv@behance.net,Genderfluid,Riffpath,Research and Development
33,Sam,Bourges,sbourgesw@economist.com,Male,Tagtune,Product Management
34,Brear,Ruppele,bruppelex@about.me,Non-binary,Dazzlesphere,Services
35,Janis,Aberdein,jaberdeiny@creativecommons.org,Polygender,Tanoodle,Training
36,Bryan,Bridle,bbridlez@cocolog-nifty.com,Genderqueer,Trudoo,Services
37,Brendin,Blabie,bblabie10@ameblo.jp,Male,Devpoint,Product Management
38,Kurtis,Beesley,kbeesley11@tumblr.com,Agender,Meemm,Business Development
39,Ara,Brinkley,abrinkley12@hugedomains.com,Polygender,Eare,Training
40,Normy,Vasentsov,nvasentsov13@elpais.com,Polygender,Feedfish,Legal
41,Desi,Codling,dcodling14@ehow.com,Genderqueer,Wordtune,Product Management
42,Brina,Pifford,bpifford15@dyndns.org,Polygender,Blogspan,Legal
43,Lara,Fright,lfright16@java.com,Bigender,Avamm,Marketing
44,Zilvia,Jarad,zjarad17@unesco.org,Polygender,Yakitri,Business Development
45,Rogers,Draayer,rdraayer18@creativecommons.org,Male,Omba,Legal
46,Erminia,Fist,efist19@studiopress.com,Agender,Skilith,Engineering
47,Celinka,Twigley,ctwigley1a@java.com,Bigender,Centimia,Training
48,Orville,Gavozzi,ogavozzi1b@sogou.com,Genderfluid,Feedfire,Accounting
49,Rafaelita,Waszczykowski,rwaszczykowski1c@dailymail.co.uk,Genderqueer,Topicware,Engineering
50,Leonhard,Crankhorn,lcrankhorn1d@jimdo.com,Agender,Realblab,Accounting
51,Myer,Bovaird,mbovaird1e@bluehost.com,Polygender,Voolia,Research and Development
52,Valaria,Welfair,vwelfair1f@yandex.ru,Non-binary,Yoveo,Business Development
53,Michaella,MacWhirter,mmacwhirter1g@google.ca,Genderqueer,Thoughtblab,Accounting
54,Othella,Mannion,omannion1h@nasa.gov,Male,Babblestorm,Legal
55,Vikky,Limon,vlimon1i@ft.com,Agender,Jaxspan,Legal
56,Regine,Vannini,rvannini1j@gov.uk,Genderfluid,Fiveclub,Sales
57,Susana,Randlesome,srandlesome1k@cargocollective.com,Male,Jaxnation,Accounting
58,Sapphire,Bunyan,sbunyan1l@wikia.com,Non-binary,Thoughtsphere,Legal
59,Trumann,Bidwell,tbidwell1m@army.mil,Male,Blogpad,Business Development
60,Nealon,Naish,nnaish1n@bloglovin.com,Polygender,Edgepulse,Engineering
61,Ernesta,Longford,elongford1o@odnoklassniki.ru,Female,Meembee,Human Resources
62,Lolly,Keepence,lkeepence1p@huffingtonpost.com,Bigender,Feedfish,Sales
63,Abbey,Pepall,apepall1q@guardian.co.uk,Genderfluid,Twimbo,Support
64,Rollin,Biswell,rbiswell1r@illinois.edu,Bigender,Eadel,Training
65,Junia,Klimentov,jklimentov1s@washingtonpost.com,Genderqueer,Zoomzone,Engineering
66,Franciska,Organer,forganer1t@ca.gov,Polygender,Abata,Human Resources
67,Lucas,Joubert,ljoubert1u@guardian.co.uk,Agender,Yakijo,Business Development
68,Lawry,Clarae,lclarae1v@freewebs.com,Non-binary,Ozu,Training
69,Aubrette,Alans,aalans1w@google.de,Agender,Browsecat,Training
70,Patricia,Dinkin,pdinkin1x@java.com,Agender,Tagpad,Sales
71,Boniface,Persicke,bpersicke1y@springer.com,Agender,Jaloo,Training
72,Borg,Ioselevich,bioselevich1z@oakley.com,Agender,Devshare,Human Resources
73,Lulita,Greenlies,lgreenlies20@wikispaces.com,Polygender,Wordtune,Accounting
74,Stephie,Daburn,sdaburn21@cornell.edu,Male,Brightbean,Human Resources
75,Rikki,O'Caherny,rocaherny22@unblog.fr,Genderqueer,Blogtag,Sales
76,Pavla,Dearnly,pdearnly23@tripod.com,Non-binary,Ainyx,Legal
77,Harland,O' Mullan,homullan24@chicagotribune.com,Polygender,Centidel,Research and Development
78,Aldwin,Smythe,asmythe25@businessweek.com,Genderfluid,Oyondu,Legal
79,Nydia,Carus,ncarus26@cpanel.net,Bigender,Jabbersphere,Research and Development
80,Rene,Le Barre,rlebarre27@whitehouse.gov,Polygender,Meejo,Legal
81,Johann,McNeice,jmcneice28@telegraph.co.uk,Female,Brainverse,Sales
82,Ophelie,Defond,odefond29@squarespace.com,Polygender,Livetube,Product Management
83,Kelbee,Ramsey,kramsey2a@opensource.org,Female,Youopia,Accounting
84,Clarie,Moxon,cmoxon2b@dagondesign.com,Agender,Janyx,Training
85,Krista,Pelfer,kpelfer2c@hhs.gov,Genderqueer,Vinder,Engineering
86,Aldous,Rolstone,arolstone2d@51.la,Polygender,Quamba,Services
87,Field,Errett,ferrett2e@blogger.com,Male,Flashset,Human Resources
88,Salome,Hare,share2f@kickstarter.com,Genderfluid,Lazzy,Support
89,Madel,Arrell,marrell2g@angelfire.com,Male,Gigaclub,Legal
90,Eydie,Mossom,emossom2h@europa.eu,Genderfluid,Wordtune,Accounting
91,Raymund,Rootes,rrootes2i@chron.com,Agender,Riffpedia,Training
92,Gunther,Aron,garon2j@php.net,Bigender,Linkbridge,Human Resources
93,Jania,Hackford,jhackford2k@yahoo.com,Male,Dynabox,Training
94,Carny,Penylton,cpenylton2l@feedburner.com,Agender,Jayo,Legal
95,Abraham,Kleis,akleis2m@nhs.uk,Polygender,Buzzbean,Sales
96,Phillipp,Rubinowicz,prubinowicz2n@google.co.jp,Non-binary,JumpXS,Product Management
97,Nye,Bedwell,nbedwell2o@mit.edu,Female,Vinte,Support
98,Ody,Beckford,obeckford2p@creativecommons.org,Female,Wikizz,Training
99,Gray,Wheeler,gwheeler2q@smh.com.au,Female,Tavu,Engineering
100,Ky,Tewkesbury,ktewkesbury2r@delicious.com,Genderqueer,Quire,Support
101,Ina,Ditzel,iditzel2s@etsy.com,Genderqueer,Thoughtmix,Business Development
102,Sanford,Fillery,sfillery2t@foxnews.com,Male,Yamia,Support
103,Konstanze,Blaszczyk,kblaszczyk2u@dropbox.com,Female,Skyvu,Product Management
104,Del,Busswell,dbusswell2v@businesswire.com,Agender,Eare,Services
105,Gaspar,Christopherson,gchristopherson2w@tmall.com,Genderfluid,Jaxnation,Services
106,Brooke,Dongate,bdongate2x@drupal.org,Agender,Meejo,Training
107,Tania,Greenmon,tgreenmon2y@ask.com,Bigender,Wikivu,Services
108,Garold,McNeachtain,gmcneachtain2z@slate.com,Non-binary,Oodoo,Accounting
109,Guglielma,Speirs,gspeirs30@senate.gov,Non-binary,Leexo,Training
110,Culver,Baggiani,cbaggiani31@wiley.com,Genderfluid,Meetz,Services
111,Boy,Birt,bbirt32@spiegel.de,Genderfluid,Oyoyo,Marketing
112,Glynn,Pagin,gpagin33@topsy.com,Agender,Feedfish,Sales
113,Henderson,Billo,hbillo34@w3.org,Male,Jaloo,Human Resources
114,Rainer,Gueny,rgueny35@is.gd,Polygender,Realcube,Training
115,Bonni,Burghall,bburghall36@ted.com,Non-binary,Blogtag,Research and Development
116,Valaria,Milch,vmilch37@noaa.gov,Genderfluid,Pixonyx,Engineering
117,Patin,Bum,pbum38@imgur.com,Genderqueer,Thoughtbridge,Business Development
118,Anica,Whanstall,awhanstall39@craigslist.org,Non-binary,Topicware,Services
119,Deane,Haibel,dhaibel3a@lycos.com,Non-binary,Youfeed,Business Development
120,Minni,Capin,mcapin3b@shutterfly.com,Female,Feedfire,Support
121,Renae,Carsberg,rcarsberg3c@liveinternet.ru,Genderqueer,Zooveo,Engineering
122,Monti,Jerrans,mjerrans3d@alexa.com,Agender,Vidoo,Services
123,Vivyanne,Damiata,vdamiata3e@dmoz.org,Genderqueer,Yodel,Product Management
124,Arnold,Paradine,aparadine3f@gnu.org,Genderfluid,Leenti,Services
125,Ann-marie,Bewshea,abewshea3g@bloglovin.com,Agender,Browsecat,Sales
126,Dorree,Ethersey,dethersey3h@gmpg.org,Male,Trunyx,Accounting
127,Worthington,Murray,wmurray3i@state.gov,Bigender,Dabvine,Research and Development
128,Bartel,Tynan,btynan3j@google.co.jp,Agender,Youopia,Product Management
129,Jarad,Olczak,jolczak3k@latimes.com,Agender,Kazu,Accounting
130,August,McAusland,amcausland3l@alibaba.com,Bigender,Chatterpoint,Accounting
131,Bil,Cottis,bcottis3m@bandcamp.com,Genderfluid,Agimba,Research and Development
132,Grannie,Poyner,gpoyner3n@prnewswire.com,Genderqueer,Brainsphere,Business Development
133,Sephira,Habin,shabin3o@umich.edu,Agender,Abatz,Human Resources
134,Jo,Eberz,jeberz3p@oaic.gov.au,Genderfluid,Wikizz,Product Management
135,Lamar,Ebbers,lebbers3q@guardian.co.uk,Polygender,Tambee,Training
136,Carree,Fullagar,cfullagar3r@cpanel.net,Female,Blogspan,Services
137,Brittani,Cornelissen,bcornelissen3s@who.int,Genderqueer,Youtags,Marketing
138,Cathy,Shakesby,cshakesby3t@imgur.com,Non-binary,Topdrive,Sales
139,Tye,Physick,tphysick3u@meetup.com,Genderfluid,Gigabox,Product Management
140,Nestor,Tomsen,ntomsen3v@cbsnews.com,Bigender,Buzzdog,Research and Development
141,Francesco,Ancliffe,fancliffe3w@irs.gov,Non-binary,Zoozzy,Research and Development
142,Edee,Pickworth,epickworth3x@youtu.be,Female,Innojam,Accounting
143,Briano,Pember,bpember3y@webmd.com,Agender,Avaveo,Human Resources
144,Konstantine,Richards,krichards3z@macromedia.com,Bigender,Tanoodle,Engineering
145,Brita,Zannuto,bzannuto40@delicious.com,Female,Vimbo,Legal
146,Murry,Oldaker,moldaker41@hatena.ne.jp,Male,Fivespan,Accounting
147,Novelia,Byrde,nbyrde42@bloomberg.com,Polygender,Browseblab,Research and Development
148,Franni,Bentham,fbentham43@patch.com,Genderqueer,Youfeed,Business Development
149,Avictor,Cheves,acheves44@wikia.com,Non-binary,Trudoo,Accounting
150,Aurel,Roscoe,aroscoe45@hugedomains.com,Non-binary,Fivespan,Engineering
151,Raddie,Duckworth,rduckworth46@state.tx.us,Non-binary,Roombo,Training
152,Deedee,Huffa,dhuffa47@linkedin.com,Bigender,Mita,Training
153,Farrell,Taggett,ftaggett48@bloglovin.com,Male,Voonder,Services
154,Lorita,Lytton,llytton49@instagram.com,Polygender,Voonder,Research and Development
155,Westbrook,Georgeau,wgeorgeau4a@php.net,Agender,Zoombox,Engineering
156,Gunther,Ching,gching4b@blogspot.com,Non-binary,Mycat,Support
157,Margo,Durie,mdurie4c@so-net.ne.jp,Genderqueer,Twitterlist,Marketing
158,Leann,Fowlston,lfowlston4d@wp.com,Agender,Brightbean,Training
159,Marsha,McCloch,mmccloch4e@bluehost.com,Agender,Topiclounge,Training
160,Brianne,Ricciardo,bricciardo4f@amazon.co.jp,Female,Pixonyx,Legal
161,Bevin,Whitehair,bwhitehair4g@example.com,Agender,Thoughtworks,Human Resources
162,Rodolphe,Lintin,rlintin4h@ihg.com,Bigender,Fiveclub,Product Management
163,Levon,Barratt,lbarratt4i@paginegialle.it,Bigender,Eadel,Marketing
164,Issi,Rowling,irowling4j@godaddy.com,Polygender,Chatterbridge,Sales
165,Georgie,Ringsell,gringsell4k@e-recht24.de,Female,Devbug,Human Resources
166,Ansley,Waterhowse,awaterhowse4l@microsoft.com,Bigender,Skiptube,Research and Development
167,Antoinette,Bierling,abierling4m@is.gd,Bigender,Skyba,Research and Development
168,Jeana,Barker,jbarker4n@amazon.co.uk,Non-binary,Jabbercube,Product Management
169,Lindon,Westoll,lwestoll4o@flavors.me,Polygender,Brainlounge,Support
170,Marketa,Christon,mchriston4p@exblog.jp,Agender,Zooveo,Support
171,Sterne,Lygo,slygo4q@loc.gov,Male,Ntags,Product Management
172,Georgina,Ockwell,gockwell4r@whitehouse.gov,Genderfluid,Trunyx,Services
173,Charil,Stentiford,cstentiford4s@pbs.org,Non-binary,Brightdog,Accounting
174,Arri,Leathwood,aleathwood4t@mashable.com,Female,Edgepulse,Legal
175,Osbourn,Lemerle,olemerle4u@mtv.com,Genderqueer,Edgeify,Legal
176,Donovan,Kings,dkings4v@ca.gov,Non-binary,Tagopia,Human Resources
177,Prentiss,Lewens,plewens4w@ft.com,Male,Meedoo,Training
178,Bree,Dallicoat,bdallicoat4x@wikipedia.org,Genderqueer,Skajo,Business Development
179,Mattie,Bannister,mbannister4y@hugedomains.com,Female,Feedfish,Research and Development
180,Ford,Enderle,fenderle4z@com.com,Non-binary,Twitterlist,Support
181,Zahara,Frankema,zfrankema50@sina.com.cn,Genderfluid,Bubblemix,Support
182,Zorana,Worgen,zworgen51@ucsd.edu,Polygender,Innotype,Services
183,Hulda,Van Bruggen,hvanbruggen52@newsvine.com,Non-binary,Feedbug,Support
184,Maje,Prynne,mprynne53@over-blog.com,Non-binary,Skyvu,Human Resources
185,Elizabeth,Tremollet,etremollet54@about.com,Genderfluid,Eadel,Research and Development
186,Travus,Olivier,tolivier55@hexun.com,Bigender,Centizu,Engineering
187,Justinian,Filchakov,jfilchakov56@jigsy.com,Genderqueer,Camido,Sales
188,Kerk,De Francesco,kdefrancesco57@g.co,Genderqueer,Aibox,Support
189,Lem,Onn,lonn58@histats.com,Bigender,Twiyo,Accounting
190,Cordula,Yedall,cyedall59@cbslocal.com,Genderqueer,Jabbersphere,Product Management
191,Michel,Weekland,mweekland5a@miitbeian.gov.cn,Agender,Flashpoint,Accounting
192,Dierdre,Stutard,dstutard5b@nba.com,Genderqueer,Wikido,Human Resources
193,Derrek,Tarply,dtarply5c@yahoo.com,Female,Katz,Engineering
194,Kerrie,Labrenz,klabrenz5d@mozilla.org,Male,Divape,Services
195,Lind,Kausche,lkausche5e@trellian.com,Non-binary,Skivee,Research and Development
196,Steffen,Trosdall,strosdall5f@gov.uk,Bigender,Zooxo,Sales
197,Fernando,Kilroy,fkilroy5g@dagondesign.com,Male,Flipopia,Marketing
198,Daphne,Halmkin,dhalmkin5h@chron.com,Male,Wikivu,Human Resources
199,Jean,Sissland,jsissland5i@prnewswire.com,Agender,Gevee,Services
200,Teressa,Earle,tearle5j@thetimes.co.uk,Agender,Roomm,Legal
201,Katherina,Cawtheray,kcawtheray5k@smh.com.au,Genderqueer,Trunyx,Business Development
202,Zebulon,Rootham,zrootham5l@paginegialle.it,Female,Mynte,Training
203,Krisha,Brumfield,kbrumfield5m@noaa.gov,Genderqueer,Quimm,Marketing
204,Jobye,Iacovacci,jiacovacci5n@last.fm,Agender,Skyba,Business Development
205,Brendin,Picott,bpicott5o@unicef.org,Male,Browsezoom,Legal
206,Dion,Alenov,dalenov5p@multiply.com,Bigender,Blogtags,Marketing
207,Humfrey,Matfield,hmatfield5q@about.com,Genderfluid,Wikizz,Human Resources
208,Connor,Bullen,cbullen5r@cmu.edu,Female,Blognation,Human Resources
209,Mandi,Teall,mteall5s@imgur.com,Polygender,Yozio,Product Management
210,Clari,Kealey,ckealey5t@fastcompany.com,Agender,Chatterbridge,Legal
211,Nickolas,Colthard,ncolthard5u@google.com,Genderfluid,Dazzlesphere,Training
212,Corly,Yakobovitz,cyakobovitz5v@tinyurl.com,Polygender,Meemm,Accounting
213,Ban,Rolling,brolling5w@wordpress.com,Non-binary,Edgewire,Product Management
214,Gawain,Cuddihy,gcuddihy5x@phpbb.com,Female,Flashspan,Sales
215,Robenia,Greathead,rgreathead5y@google.com.au,Genderqueer,Babblestorm,Support
216,Neala,Bruhnsen,nbruhnsen5z@typepad.com,Genderqueer,Tagcat,Business Development
217,Corabel,Barrasse,cbarrasse60@usda.gov,Genderqueer,Jayo,Engineering
218,Georgy,Beekman,gbeekman61@wufoo.com,Non-binary,Zooveo,Training
219,Matthaeus,Rentoll,mrentoll62@pcworld.com,Agender,Voonte,Product Management
220,Ganny,Camilletti,gcamilletti63@ftc.gov,Female,Rooxo,Services
221,Sherill,Frantzen,sfrantzen64@bluehost.com,Agender,Browsedrive,Product Management
222,Elijah,Wrintmore,ewrintmore65@hao123.com,Genderqueer,Myworks,Business Development
223,Nathanael,Jimpson,njimpson66@mtv.com,Male,Voonder,Training
224,Sher,Rylstone,srylstone67@baidu.com,Polygender,Yata,Human Resources
225,Bryan,Ballantine,bballantine68@example.com,Non-binary,Fanoodle,Sales
226,Tomaso,Merdew,tmerdew69@berkeley.edu,Non-binary,Jamia,Training
227,Bruce,Pinchen,bpinchen6a@gravatar.com,Bigender,Mynte,Legal
228,Kynthia,Boord,kboord6b@statcounter.com,Agender,Linklinks,Legal
229,Tanny,Newitt,tnewitt6c@apache.org,Non-binary,Tagpad,Research and Development
230,Andriette,Caramuscia,acaramuscia6d@ustream.tv,Agender,Tagtune,Marketing
231,Greg,Youle,gyoule6e@youtu.be,Genderqueer,Demivee,Sales
232,Stacy,Josilowski,sjosilowski6f@joomla.org,Agender,Trilia,Accounting
233,Clair,Rawlinson,crawlinson6g@uiuc.edu,Polygender,Skynoodle,Legal
234,Guendolen,Bemment,gbemment6h@nationalgeographic.com,Bigender,Muxo,Engineering
235,Amelie,Yelden,ayelden6i@cisco.com,Non-binary,Youopia,Research and Development
236,Valeria,Kissock,vkissock6j@ucsd.edu,Polygender,Jetpulse,Training
237,Khalil,Brookbank,kbrookbank6k@google.de,Male,Meevee,Training
238,Cayla,Bradder,cbradder6l@cocolog-nifty.com,Female,Cogilith,Product Management
239,Jennette,Biasioni,jbiasioni6m@mail.ru,Polygender,Kwinu,Training
240,Simone,Bucky,sbucky6n@51.la,Male,Kazio,Accounting
241,Daloris,Daffern,ddaffern6o@reddit.com,Genderfluid,Livetube,Sales
242,Chester,Avesque,cavesque6p@webnode.com,Male,Skipfire,Support
243,Brana,Edgson,bedgson6q@wsj.com,Genderqueer,Dynabox,Services
244,Marje,MacCaughey,mmaccaughey6r@flickr.com,Male,Riffpath,Training
245,Fan,Capoun,fcapoun6s@sitemeter.com,Polygender,Shuffledrive,Research and Development
246,Deidre,Brommage,dbrommage6t@soundcloud.com,Male,Gabtune,Legal
247,Kinsley,Adame,kadame6u@mail.ru,Polygender,Feedmix,Accounting
248,Jamison,Dressel,jdressel6v@mail.ru,Genderqueer,Eadel,Business Development
249,Der,Jordanson,djordanson6w@google.ca,Female,Quinu,Legal
250,Letizia,Artiss,lartiss6x@flavors.me,Non-binary,Brightbean,Accounting
251,Hyacinth,Phlipon,hphlipon6y@sakura.ne.jp,Genderfluid,Quimba,Sales
252,Quincy,Gardner,qgardner6z@google.com.au,Agender,Skalith,Support
253,Isabel,Blackeby,iblackeby70@businessinsider.com,Agender,Tavu,Human Resources
254,Frances,Craighill,fcraighill71@vimeo.com,Genderqueer,Flashspan,Training
255,Effie,Kroin,ekroin72@reuters.com,Female,Trupe,Services
256,Wendell,Feedome,wfeedome73@wordpress.org,Genderfluid,Thoughtmix,Sales
257,Meredithe,Gatteridge,mgatteridge74@yellowpages.com,Polygender,Chatterpoint,Research and Development
258,Bianca,Riccetti,briccetti75@washingtonpost.com,Genderfluid,Livefish,Training
259,Janey,Jelly,jjelly76@webeden.co.uk,Polygender,Mynte,Support
260,Ariella,Fishbie,afishbie77@microsoft.com,Male,Riffwire,Human Resources
261,Doy,Swindall,dswindall78@ftc.gov,Male,Plambee,Legal
262,Winny,Polle,wpolle79@netvibes.com,Male,Skajo,Research and Development
263,Petronella,Drakes,pdrakes7a@simplemachines.org,Bigender,Muxo,Accounting
264,Caryn,Trevascus,ctrevascus7b@typepad.com,Male,Skajo,Engineering
265,Berte,Louthe,blouthe7c@edublogs.org,Non-binary,Kamba,Marketing
266,Ev,Few,efew7d@weibo.com,Female,Browseblab,Support
267,Nanette,Denney,ndenney7e@biglobe.ne.jp,Female,Shuffletag,Services
268,Eadie,Gilks,egilks7f@disqus.com,Genderfluid,Fliptune,Services
269,Charo,Reams,creams7g@examiner.com,Agender,Buzzshare,Legal
270,Helene,Bithell,hbithell7h@blogger.com,Bigender,Quire,Engineering
271,Ford,Stoggles,fstoggles7i@hp.com,Polygender,Gabvine,Sales
272,Josephine,Cockland,jcockland7j@uiuc.edu,Genderqueer,Kayveo,Engineering
273,Oberon,Sargerson,osargerson7k@people.com.cn,Agender,Brainlounge,Accounting
274,Bud,Death,bdeath7l@edublogs.org,Non-binary,Tagpad,Legal
275,Neille,Iorillo,niorillo7m@eventbrite.com,Genderqueer,Twitterbridge,Legal
276,Yardley,oldey,yoldey7n@businessinsider.com,Polygender,Meejo,Business Development
277,Calla,Hesbrook,chesbrook7o@irs.gov,Genderqueer,Devcast,Support
278,Gerry,Fend,gfend7p@cisco.com,Polygender,Shufflebeat,Engineering
279,Magnum,Mosten,mmosten7q@nbcnews.com,Genderfluid,Myworks,Business Development
280,Cristabel,Hawkeswood,chawkeswood7r@so-net.ne.jp,Bigender,Trupe,Accounting
281,Taryn,Normavell,tnormavell7s@kickstarter.com,Male,Fiveclub,Business Development
282,Johny,Tincey,jtincey7t@myspace.com,Agender,Feedfire,Support
283,Marylou,Iacovuzzi,miacovuzzi7u@noaa.gov,Bigender,Eidel,Human Resources
284,Shela,Dye,sdye7v@gov.uk,Polygender,Divape,Business Development
285,Edgard,Murch,emurch7w@home.pl,Genderqueer,Riffpath,Training
286,Noam,Trobe,ntrobe7x@hugedomains.com,Polygender,Gabcube,Accounting
287,Dagmar,Lambdon,dlambdon7y@fotki.com,Female,Trilith,Support
288,Sherwood,Mandrake,smandrake7z@xing.com,Female,Meevee,Marketing
289,Augusto,Crimmins,acrimmins80@merriam-webster.com,Genderfluid,Jetpulse,Research and Development
290,Katharyn,Omand,komand81@europa.eu,Polygender,Riffwire,Services
291,Rustie,Cossons,rcossons82@ovh.net,Male,Voonix,Support
292,Dickie,Brickett,dbrickett83@ucoz.ru,Female,Buzzbean,Training
293,Brigg,Gorsse,bgorsse84@engadget.com,Genderqueer,Thoughtmix,Human Resources
294,Adara,Bernocchi,abernocchi85@ucoz.ru,Male,Twitterwire,Training
295,Desi,Tuffin,dtuffin86@gmpg.org,Genderqueer,Janyx,Product Management
296,Midge,Cardall,mcardall87@tripadvisor.com,Genderfluid,Gigazoom,Training
297,Wilow,Feek,wfeek88@google.de,Polygender,Oyoyo,Research and Development
298,Alica,Izard,aizard89@t-online.de,Male,Vimbo,Engineering
299,Chrissie,Kirvell,ckirvell8a@list-manage.com,Genderfluid,Rhynyx,Human Resources
300,Merrill,Safont,msafont8b@bloglovin.com,Non-binary,Jabbersphere,Marketing
301,Rouvin,Smouten,rsmouten8c@instagram.com,Genderqueer,Avamba,Research and Development
302,Tori,Fazakerley,tfazakerley8d@europa.eu,Non-binary,Rhycero,Research and Development
303,Eugenius,Illston,eillston8e@delicious.com,Genderqueer,Meedoo,Product Management
304,Standford,Grubey,sgrubey8f@g.co,Polygender,Gabspot,Sales
305,Kaleb,Moyser,kmoyser8g@dailymail.co.uk,Polygender,Devbug,Legal
306,Gwenore,Glewe,gglewe8h@studiopress.com,Female,Edgeblab,Support
307,Annora,Dyson,adyson8i@wp.com,Polygender,Blogpad,Legal
308,Archibaldo,Cornwell,acornwell8j@army.mil,Male,Tambee,Accounting
309,Rois,Stuchburie,rstuchburie8k@si.edu,Bigender,Photobug,Business Development
310,Nita,Yesson,nyesson8l@ed.gov,Bigender,Dynava,Services
311,Edward,Vaszoly,evaszoly8m@topsy.com,Non-binary,Skilith,Training
312,Quincey,Weatherup,qweatherup8n@zdnet.com,Genderfluid,Twiyo,Human Resources
313,Debbi,Standingford,dstandingford8o@usda.gov,Male,Gigaclub,Training
314,Eda,Bullier,ebullier8p@whitehouse.gov,Bigender,Ntags,Services
315,Wilek,Abethell,wabethell8q@360.cn,Agender,Brainbox,Research and Development
316,Enrica,Berrey,eberrey8r@independent.co.uk,Genderfluid,Agimba,Sales
317,Thatcher,Crick,tcrick8s@mtv.com,Genderfluid,LiveZ,Legal
318,Lauren,Heamus,lheamus8t@nature.com,Polygender,Buzzshare,Engineering
319,Ophelie,Anten,oanten8u@nationalgeographic.com,Genderfluid,Wordpedia,Marketing
320,Adiana,Wigley,awigley8v@altervista.org,Agender,Zoomdog,Engineering
321,Mozes,Sterke,msterke8w@fema.gov,Male,Wordify,Product Management
322,Aila,Duck,aduck8x@gizmodo.com,Polygender,Browsebug,Product Management
323,Tome,Mc Grath,tmcgrath8y@virginia.edu,Non-binary,Flashspan,Legal
324,Mace,Paolo,mpaolo8z@patch.com,Polygender,Zoozzy,Product Management
325,Harmon,Knok,hknok90@miitbeian.gov.cn,Agender,Quatz,Human Resources
326,Taylor,Banfill,tbanfill91@slideshare.net,Genderfluid,Cogilith,Marketing
327,Cob,MacAless,cmacaless92@alibaba.com,Genderfluid,Blogspan,Legal
328,Iosep,Idle,iidle93@howstuffworks.com,Female,Realbridge,Accounting
329,Margaux,Maxfield,mmaxfield94@wordpress.org,Genderfluid,Leenti,Research and Development
330,Tootsie,Pennyman,tpennyman95@mashable.com,Genderfluid,Demimbu,Product Management
331,Isobel,Drakers,idrakers96@stanford.edu,Female,Feedbug,Engineering
332,Benny,O'Dulchonta,bodulchonta97@topsy.com,Genderfluid,Brainlounge,Legal
333,Lucine,Shotboulte,lshotboulte98@house.gov,Female,Realbuzz,Services
334,Josias,Ary,jary99@hatena.ne.jp,Bigender,Bubbletube,Research and Development
335,Sheppard,Milligan,smilligan9a@buzzfeed.com,Genderqueer,Buzzdog,Business Development
336,Humfrid,Volante,hvolante9b@github.io,Genderfluid,Wikivu,Training
337,Del,Abrahami,dabrahami9c@scientificamerican.com,Agender,Dynabox,Human Resources
338,Ignace,Soughton,isoughton9d@reference.com,Non-binary,Youfeed,Engineering
339,Alejoa,Dashwood,adashwood9e@phoca.cz,Male,Izio,Business Development
340,Joice,Beyne,jbeyne9f@state.tx.us,Bigender,Jabberbean,Accounting
341,Eran,Vase,evase9g@economist.com,Female,Dablist,Product Management
342,Sal,Shurmer,sshurmer9h@shop-pro.jp,Polygender,Youfeed,Engineering
343,Fayre,Linskill,flinskill9i@domainmarket.com,Bigender,Katz,Research and Development
344,Monique,Booton,mbooton9j@cargocollective.com,Genderqueer,Bubbletube,Sales
345,Addi,Ferri,aferri9k@posterous.com,Non-binary,Meembee,Sales
346,Jacintha,Langthorne,jlangthorne9l@umn.edu,Male,Realblab,Support
347,Melisa,Scothern,mscothern9m@whitehouse.gov,Bigender,Aimbu,Human Resources
348,Riordan,Pragnell,rpragnell9n@gizmodo.com,Non-binary,Twimm,Services
349,Aloisia,Zelley,azelley9o@wikimedia.org,Female,Oyoloo,Sales
350,Arte,McCully,amccully9p@irs.gov,Male,Thoughtblab,Business Development
351,Justin,Calbert,jcalbert9q@nbcnews.com,Polygender,Oyoloo,Human Resources
352,Alta,Elles,aelles9r@toplist.cz,Non-binary,Kwinu,Sales
353,Vivi,Adaway,vadaway9s@techcrunch.com,Genderqueer,Latz,Legal
354,Teddy,Colquitt,tcolquitt9t@xinhuanet.com,Genderfluid,Livetube,Marketing
355,Lira,Pedro,lpedro9u@nifty.com,Polygender,Divanoodle,Sales
356,George,Lilley,glilley9v@nba.com,Polygender,Latz,Human Resources
357,Kaycee,Bresson,kbresson9w@storify.com,Agender,Tazzy,Human Resources
358,Giulia,Baldry,gbaldry9x@ameblo.jp,Genderqueer,Skaboo,Product Management
359,Hart,Orriss,horriss9y@intel.com,Genderfluid,Leexo,Legal
360,Clarke,Balham,cbalham9z@creativecommons.org,Bigender,Katz,Sales
361,Onida,Zanutti,ozanuttia0@theguardian.com,Agender,Meedoo,Human Resources
362,Bria,McCuaig,bmccuaiga1@bizjournals.com,Bigender,Bluezoom,Product Management
363,Barb,Buntin,bbuntina2@goo.ne.jp,Female,Skalith,Legal
364,Cassie,Stanlake,cstanlakea3@123-reg.co.uk,Female,Ailane,Accounting
365,Garald,Quarry,gquarrya4@tiny.cc,Bigender,Ntag,Services
366,Hedy,Geldart,hgeldarta5@prweb.com,Non-binary,Photolist,Research and Development
367,Hali,Elizabeth,helizabetha6@mysql.com,Female,Topdrive,Training
368,Slade,Mc Comb,smccomba7@ehow.com,Genderfluid,Zoombeat,Product Management
369,Kahlil,Pawle,kpawlea8@storify.com,Agender,Bubblemix,Marketing
370,Maddy,Romanin,mromanina9@whitehouse.gov,Polygender,Linkbuzz,Training
371,Cristabel,Gronauer,cgronaueraa@oakley.com,Genderfluid,Jaxspan,Accounting
372,Matt,Sherewood,msherewoodab@cdc.gov,Genderfluid,Innojam,Human Resources
373,Katina,Bullocke,kbullockeac@forbes.com,Male,Tanoodle,Research and Development
374,Kala,Battrum,kbattrumad@posterous.com,Female,Jaloo,Research and Development
375,Clayton,Lumsdall,clumsdallae@so-net.ne.jp,Bigender,Meevee,Business Development
376,Joshua,Tweedle,jtweedleaf@godaddy.com,Genderfluid,Skipstorm,Marketing
377,Rona,Moses,rmosesag@imgur.com,Non-binary,Topicblab,Legal
378,Jessalyn,Ivain,jivainah@myspace.com,Polygender,Shufflester,Business Development
379,Belita,O' Loughran,boloughranai@un.org,Non-binary,Meejo,Research and Development
380,Fairleigh,Lowde,flowdeaj@e-recht24.de,Genderfluid,Skibox,Engineering
381,Ewen,Whinney,ewhinneyak@clickbank.net,Genderqueer,Yombu,Services
382,Conroy,Kippin,ckippinal@twitter.com,Bigender,Twitterbridge,Accounting
383,Basia,Ifill,bifillam@e-recht24.de,Genderfluid,Zoombeat,Support
384,Kally,Gillatt,kgillattan@posterous.com,Bigender,Devshare,Accounting
385,Mariam,McDuall,mmcduallao@qq.com,Polygender,Pixope,Support
386,Rodolph,Awty,rawtyap@ftc.gov,Genderfluid,Photospace,Human Resources
387,Garth,Kay,gkayaq@chron.com,Agender,Centizu,Accounting
388,Bendix,Okey,bokeyar@dailymail.co.uk,Genderfluid,Fivebridge,Accounting
389,Domenic,Raynton,drayntonas@woothemes.com,Non-binary,Zooxo,Engineering
390,Vivyan,Hansen,vhansenat@blogspot.com,Non-binary,Jayo,Accounting
391,Chicky,Paullin,cpaullinau@hc360.com,Female,Riffpedia,Product Management
392,Jackson,Gavan,jgavanav@networkadvertising.org,Agender,Thoughtworks,Business Development
393,Cicily,Guirardin,cguirardinaw@businessweek.com,Male,Tazz,Services
394,Bond,Tibbotts,btibbottsax@networksolutions.com,Bigender,Twitterwire,Legal
395,Marylee,Kort,mkortay@msu.edu,Female,Photospace,Accounting
396,Antonetta,Hicken,ahickenaz@slashdot.org,Female,Bubblemix,Business Development
397,Joelly,Lideard,jlideardb0@adobe.com,Female,Skyndu,Human Resources
398,Bibbye,Sutcliffe,bsutcliffeb1@disqus.com,Genderfluid,Rhycero,Marketing
399,Natale,Collman,ncollmanb2@cisco.com,Genderfluid,Twitterbeat,Accounting
400,Aylmar,Thunders,athundersb3@ebay.com,Genderqueer,Shuffledrive,Training
401,Keene,Arnaldi,karnaldib4@tmall.com,Agender,Tagpad,Services
402,Lisha,Dimblebee,ldimblebeeb5@usnews.com,Genderqueer,Meejo,Product Management
403,Violette,Worsell,vworsellb6@howstuffworks.com,Bigender,Babblestorm,Engineering
404,Amble,Calabry,acalabryb7@de.vu,Bigender,Aimbu,Research and Development
405,Ryann,Forbear,rforbearb8@google.com.br,Agender,Zazio,Accounting
406,Corrinne,Emlyn,cemlynb9@liveinternet.ru,Female,Muxo,Research and Development
407,Pavia,Polet,ppoletba@moonfruit.com,Genderqueer,Reallinks,Sales
408,Jayson,Blood,jbloodbb@youtu.be,Bigender,Youfeed,Support
409,Oswell,Plaice,oplaicebc@dyndns.org,Bigender,Feednation,Marketing
410,Artemas,Elflain,aelflainbd@boston.com,Polygender,Jazzy,Marketing
411,Ricoriki,Hatcliffe,rhatcliffebe@sciencedirect.com,Bigender,Eire,Product Management
412,Desmund,Talks,dtalksbf@amazon.co.uk,Bigender,Zazio,Services
413,Arturo,Bunyan,abunyanbg@columbia.edu,Non-binary,Twimbo,Engineering
414,Xylia,Bindon,xbindonbh@tiny.cc,Agender,Devcast,Support
415,Cathy,Pybus,cpybusbi@engadget.com,Non-binary,Meevee,Engineering
416,Sheilah,Neads,sneadsbj@facebook.com,Genderqueer,Shuffletag,Accounting
417,Lowrance,Hucklesby,lhucklesbybk@unc.edu,Genderqueer,Quaxo,Services
418,Dulcie,Pearmain,dpearmainbl@hud.gov,Non-binary,Bubblemix,Human Resources
419,Bartholomeus,Twine,btwinebm@unicef.org,Polygender,Divavu,Sales
420,Hymie,Frost,hfrostbn@ucsd.edu,Male,Twitterbeat,Sales
421,Sauveur,Gates,sgatesbo@meetup.com,Agender,Divape,Business Development
422,Fax,Late,flatebp@upenn.edu,Genderqueer,Meemm,Engineering
423,Millicent,MacMaykin,mmacmaykinbq@youtube.com,Agender,Aivee,Human Resources
424,Dean,Loynton,dloyntonbr@soundcloud.com,Non-binary,Voonder,Marketing
425,Brion,Gianiello,bgianiellobs@nytimes.com,Non-binary,Trudoo,Legal
426,Sissie,Sclater,ssclaterbt@phoca.cz,Bigender,Twitterworks,Legal
427,Ario,Schiementz,aschiementzbu@flavors.me,Agender,Camimbo,Marketing
428,Jana,Lasham,jlashambv@engadget.com,Female,Photojam,Sales
429,Margarete,Waldocke,mwaldockebw@exblog.jp,Polygender,Topicware,Business Development
430,Georgeanna,Garroch,ggarrochbx@google.com.hk,Genderqueer,Dynabox,Research and Development
431,Holden,Hughes,hhughesby@usda.gov,Female,Linklinks,Legal
432,Bryn,Van Daalen,bvandaalenbz@mapquest.com,Female,Reallinks,Product Management
433,Robinet,McCarrick,rmccarrickc0@abc.net.au,Polygender,Skinix,Marketing
434,Hanny,Vlach,hvlachc1@mac.com,Bigender,Feedmix,Sales
435,Lilas,LAbbet,llabbetc2@cyberchimps.com,Genderqueer,Tagcat,Support
436,Liuka,Antonio,lantonioc3@shutterfly.com,Female,Dablist,Services
437,Freddy,De Santos,fdesantosc4@marriott.com,Non-binary,Skyble,Sales
438,Carey,Croot,ccrootc5@pbs.org,Genderfluid,Skimia,Marketing
439,Opalina,Tetley,otetleyc6@geocities.jp,Agender,Ailane,Support
440,Charis,Walsh,cwalshc7@twitpic.com,Non-binary,Yombu,Support
441,Robbie,Uc,rucc8@tripadvisor.com,Genderfluid,Yotz,Legal
442,Marietta,Chetwind,mchetwindc9@about.com,Polygender,Thoughtstorm,Business Development
443,Beilul,Pleven,bplevenca@acquirethisname.com,Female,Voomm,Accounting
444,Shelia,Elsip,selsipcb@fastcompany.com,Male,Flashpoint,Product Management
445,Pepillo,Cowl,pcowlcc@flavors.me,Genderfluid,Skibox,Business Development
446,Aluino,Primett,aprimettcd@phoca.cz,Agender,Skiptube,Research and Development
447,Godfree,Kennewell,gkennewellce@gizmodo.com,Female,Wikibox,Support
448,Lutero,Bell,lbellcf@is.gd,Female,BlogXS,Services
449,Beatrisa,Brisland,bbrislandcg@yahoo.co.jp,Bigender,Devbug,Sales
450,Alfy,Shearme,ashearmech@arizona.edu,Agender,Youtags,Human Resources
451,Adolphus,Pettett,apettettci@topsy.com,Male,Kwideo,Support
452,Gavan,Collen,gcollencj@usda.gov,Female,Jazzy,Services
453,Odelinda,Issacoff,oissacoffck@hao123.com,Bigender,Zoonoodle,Legal
454,Justus,Atheis,jatheiscl@topsy.com,Male,Aimbo,Research and Development
455,Ailey,Harryman,aharrymancm@example.com,Male,Jabbersphere,Engineering
456,Luciana,Olczyk,lolczykcn@mac.com,Bigender,Wikizz,Marketing
457,Kellyann,Humphrey,khumphreyco@paginegialle.it,Female,Rhybox,Training
458,Alethea,Westney,awestneycp@forbes.com,Agender,Shuffledrive,Support
459,Raymund,Hunston,rhunstoncq@mtv.com,Polygender,Aibox,Legal
460,Kristos,Durno,kdurnocr@gizmodo.com,Genderqueer,DabZ,Legal
461,Rozamond,Marrington,rmarringtoncs@tamu.edu,Male,Mynte,Legal
462,Marissa,Petrulis,mpetrulisct@ow.ly,Female,DabZ,Research and Development
463,Ingeberg,Eskriet,ieskrietcu@mapy.cz,Polygender,Reallinks,Legal
464,Querida,Lear,qlearcv@shareasale.com,Agender,Edgewire,Sales
465,Sally,Bedding,sbeddingcw@bluehost.com,Polygender,Browsecat,Research and Development
466,Franni,Treleven,ftrelevencx@guardian.co.uk,Male,Youbridge,Human Resources
467,Wendel,Furmagier,wfurmagiercy@uiuc.edu,Agender,Youtags,Training
468,Trudy,Cayton,tcaytoncz@purevolume.com,Non-binary,Gigaclub,Research and Development
469,Kaitlyn,Northage,knorthaged0@godaddy.com,Bigender,Devshare,Services
470,Nesta,Shields,nshieldsd1@marketwatch.com,Genderqueer,Quatz,Services
471,Oliy,Follacaro,ofollacarod2@free.fr,Agender,Skimia,Business Development
472,Donnie,Kleis,dkleisd3@intel.com,Polygender,Abatz,Human Resources
473,Quincey,Eliot,qeliotd4@go.com,Genderfluid,Realblab,Training
474,Jacquenetta,Labbet,jlabbetd5@java.com,Polygender,Gabspot,Product Management
475,Ossie,Coen,ocoend6@samsung.com,Genderqueer,Linktype,Human Resources
476,Loralyn,Riccetti,lriccettid7@google.co.uk,Non-binary,Shuffletag,Legal
477,Vallie,Warrell,vwarrelld8@forbes.com,Polygender,Realfire,Research and Development
478,Margy,Bodleigh,mbodleighd9@webmd.com,Polygender,Zoombeat,Human Resources
479,Mortie,Scallon,mscallonda@topsy.com,Female,Quatz,Marketing
480,Cleve,Castanho,ccastanhodb@globo.com,Bigender,Ainyx,Research and Development
481,Rebekkah,Kincla,rkincladc@ox.ac.uk,Genderfluid,Thoughtblab,Legal
482,Tadd,Gillford,tgillforddd@weebly.com,Polygender,Topicware,Accounting
483,Giles,Weson,gwesonde@wikispaces.com,Genderfluid,Meejo,Business Development
484,Brucie,Durrand,bdurranddf@google.it,Bigender,Quaxo,Human Resources
485,Gavrielle,Narramor,gnarramordg@1688.com,Bigender,Innotype,Services
486,Ferd,Lansley,flansleydh@tuttocitta.it,Bigender,Trupe,Business Development
487,Nicole,Hue,nhuedi@nytimes.com,Polygender,Minyx,Engineering
488,Juana,Hakking,jhakkingdj@delicious.com,Female,Cogidoo,Business Development
489,Elysee,Rolfs,erolfsdk@amazon.de,Agender,Zoovu,Human Resources
490,Bibby,Bloodworth,bbloodworthdl@slideshare.net,Non-binary,Realpoint,Human Resources
491,Georges,Jolland,gjollanddm@mlb.com,Male,Browsecat,Engineering
492,Korella,Mudie,kmudiedn@ameblo.jp,Genderfluid,Cogibox,Support
493,Ludovico,Bunney,lbunneydo@nydailynews.com,Genderqueer,Feednation,Services
494,Melany,Glyn,mglyndp@nasa.gov,Polygender,Topicware,Marketing
495,Georgena,Sesser,gsesserdq@deviantart.com,Bigender,Wordpedia,Legal
496,Alvina,Pibworth,apibworthdr@eepurl.com,Genderqueer,Meedoo,Support
497,Pail,Reimer,preimerds@soup.io,Bigender,Buzzbean,Support
498,Serena,Baford,sbaforddt@so-net.ne.jp,Agender,JumpXS,Training
499,Johnny,Nannetti,jnannettidu@symantec.com,Agender,Browseblab,Support
500,Crawford,Gonzalvo,cgonzalvodv@weebly.com,Female,Realblab,Accounting
501,Eleanore,Horsell,ehorselldw@cbc.ca,Male,Zoomzone,Business Development
502,Natty,Monson,nmonsondx@tripod.com,Bigender,Rhyzio,Human Resources
503,Ber,Brundill,bbrundilldy@360.cn,Male,Trudeo,Services
504,Minta,Tutchell,mtutchelldz@oaic.gov.au,Genderqueer,Dabfeed,Business Development
505,Walker,Cappel,wcappele0@newsvine.com,Male,Edgetag,Human Resources
506,Quill,Eayrs,qeayrse1@hubpages.com,Female,Quaxo,Product Management
507,Mable,Heatly,mheatlye2@delicious.com,Female,Skimia,Product Management
508,Spencer,Kobu,skobue3@smugmug.com,Agender,Jabbercube,Support
509,Ogdan,Claiton,oclaitone4@seesaa.net,Female,Bluezoom,Human Resources
510,Chic,Stodit,cstodite5@nationalgeographic.com,Male,Layo,Support
511,Noam,Crowley,ncrowleye6@nsw.gov.au,Female,Mydeo,Legal
512,Fran,Biddiss,fbiddisse7@huffingtonpost.com,Polygender,Photofeed,Product Management
513,Betsy,Dunckley,bdunckleye8@adobe.com,Female,Ntags,Sales
514,Yank,Hrynczyk,yhrynczyke9@mit.edu,Genderfluid,Devcast,Engineering
515,Neel,Wixon,nwixonea@mediafire.com,Bigender,Skipfire,Research and Development
516,Milissent,Tregona,mtregonaeb@dion.ne.jp,Genderqueer,Skilith,Sales
517,Errick,Brixey,ebrixeyec@ftc.gov,Agender,Quaxo,Sales
518,Crawford,Barnard,cbarnarded@desdev.cn,Bigender,Skyndu,Marketing
519,Terry,Trazzi,ttrazziee@newsvine.com,Polygender,Agivu,Product Management
520,Ferguson,Napier,fnapieref@ifeng.com,Non-binary,Tagopia,Engineering
521,Alexandro,Sommerville,asommervilleeg@berkeley.edu,Non-binary,Twitterbridge,Sales
522,Pauline,Canadine,pcanadineeh@cafepress.com,Bigender,Skinder,Legal
523,Sande,Gudgeon,sgudgeonei@telegraph.co.uk,Female,Youbridge,Business Development
524,Lissi,Gouldbourn,lgouldbournej@businessweek.com,Genderqueer,Rhycero,Engineering
525,Clementius,Melding,cmeldingek@hibu.com,Male,Flashdog,Business Development
526,Carlen,Philcox,cphilcoxel@comsenz.com,Genderqueer,Dabfeed,Business Development
527,Gill,Harriott,gharriottem@illinois.edu,Genderfluid,Jetpulse,Research and Development
528,Renault,Muncaster,rmuncasteren@list-manage.com,Female,Skyble,Support
529,Weider,Brisset,wbrisseteo@techcrunch.com,Non-binary,Oyoyo,Human Resources
530,Rufus,Dello,rdelloep@illinois.edu,Non-binary,Oyoyo,Accounting
531,Kacie,Gong,kgongeq@shinystat.com,Agender,Myworks,Product Management
532,Payton,Heavyside,pheavysideer@bbc.co.uk,Genderqueer,Browsebug,Legal
533,Kattie,Stedell,kstedelles@friendfeed.com,Genderfluid,Roomm,Training
534,Harbert,Eichmann,heichmannet@seattletimes.com,Bigender,Lajo,Human Resources
535,Evey,Dran,edraneu@sbwire.com,Bigender,Reallinks,Human Resources
536,Erminia,Garfirth,egarfirthev@goo.ne.jp,Bigender,Jabberstorm,Research and Development
537,Dominic,MacGill,dmacgillew@sakura.ne.jp,Female,Fivespan,Sales
538,Rodger,Oakeby,roakebyex@devhub.com,Non-binary,Jaxbean,Sales
539,Emmy,Thackston,ethackstoney@who.int,Female,Lazz,Marketing
540,Jocelyn,Levermore,jlevermoreez@wikispaces.com,Polygender,Jetwire,Accounting
541,Shirlee,Childerley,schilderleyf0@arstechnica.com,Non-binary,Topicstorm,Legal
542,Worden,Hulks,whulksf1@sourceforge.net,Agender,Fiveclub,Legal
543,Orelle,Hartzenberg,ohartzenbergf2@booking.com,Agender,Roodel,Sales
544,Dona,Van't Hoff,dvanthofff3@yandex.ru,Male,Quatz,Human Resources
545,Emogene,Orrill,eorrillf4@lulu.com,Agender,Zoovu,Engineering
546,Winna,Gartery,wgarteryf5@over-blog.com,Female,Bubblebox,Marketing
547,Farica,McLafferty,fmclaffertyf6@ted.com,Genderqueer,Meejo,Product Management
548,Gus,Cran,gcranf7@mysql.com,Agender,Chatterpoint,Marketing
549,Jamil,Levesley,jlevesleyf8@soup.io,Bigender,Mymm,Product Management
550,Eli,Chetham,echethamf9@hibu.com,Agender,Skiba,Support
551,Stephanus,Ambroziak,sambroziakfa@tmall.com,Non-binary,Oyoloo,Training
552,Norris,Robbe,nrobbefb@parallels.com,Genderfluid,Eare,Engineering
553,Inger,Coker,icokerfc@nps.gov,Female,Realcube,Sales
554,Laure,Sturton,lsturtonfd@economist.com,Polygender,Jayo,Sales
555,Alessandro,Agglione,aagglionefe@marriott.com,Genderfluid,Devify,Services
556,Fransisco,Gawkes,fgawkesff@google.es,Agender,Devcast,Human Resources
557,Juli,Le Fevre,jlefevrefg@issuu.com,Male,Quatz,Support
558,Kermy,Randles,krandlesfh@deliciousdays.com,Agender,Gabtune,Research and Development
559,Haskell,Valentine,hvalentinefi@prweb.com,Genderqueer,Shufflebeat,Product Management
560,Piggy,Branchflower,pbranchflowerfj@sciencedirect.com,Genderfluid,Npath,Engineering
561,Faustine,Eble,feblefk@de.vu,Genderfluid,Topicware,Services
562,Aguie,De Stoop,adestoopfl@bbc.co.uk,Genderqueer,Kare,Marketing
563,Cyndi,McIlvoray,cmcilvorayfm@webnode.com,Non-binary,Ainyx,Training
564,Lane,Trollope,ltrollopefn@google.com,Female,Jabbertype,Marketing
565,Muire,Hildred,mhildredfo@163.com,Agender,Mybuzz,Training
566,Nicole,Grioli,ngriolifp@yandex.ru,Genderqueer,Vidoo,Marketing
567,Kinnie,Vedmore,kvedmorefq@wunderground.com,Genderfluid,Vinte,Sales
568,Colver,Rallings,crallingsfr@ovh.net,Female,Twinte,Business Development
569,Maryjane,Lowten,mlowtenfs@google.it,Female,Agimba,Product Management
570,Judon,Clynmans,jclynmansft@wp.com,Genderfluid,Blogpad,Research and Development
571,Bary,Gouldstone,bgouldstonefu@digg.com,Non-binary,Rhyzio,Human Resources
572,Wayland,Abercromby,wabercrombyfv@chicagotribune.com,Bigender,Meetz,Support
573,Devland,Gotobed,dgotobedfw@who.int,Agender,Skajo,Support
574,Norby,Durkin,ndurkinfx@princeton.edu,Male,Mynte,Research and Development
575,Lynea,McNiven,lmcnivenfy@ask.com,Genderqueer,Photospace,Business Development
576,Ferdinande,Steedman,fsteedmanfz@fc2.com,Genderqueer,Browsecat,Marketing
577,Mile,La Rosa,mlarosag0@zimbio.com,Non-binary,Twitterwire,Engineering
578,Hector,Keeler,hkeelerg1@census.gov,Genderqueer,Camido,Research and Development
579,Devora,Hatz,dhatzg2@engadget.com,Genderqueer,Blogtags,Sales
580,Karney,Gierardi,kgierardig3@xing.com,Bigender,Layo,Product Management
581,Urban,Falk,ufalkg4@rediff.com,Male,Gigazoom,Research and Development
582,Maybelle,Orbon,morbong5@surveymonkey.com,Male,Gabtype,Research and Development
583,Emlynne,Union,euniong6@purevolume.com,Female,Realpoint,Human Resources
584,Helen,Kleehuhler,hkleehuhlerg7@gmpg.org,Non-binary,Linklinks,Business Development
585,Caleb,McCauley,cmccauleyg8@nih.gov,Non-binary,Dabtype,Engineering
586,Paige,Carrabot,pcarrabotg9@imgur.com,Genderfluid,Shuffletag,Sales
587,Janie,Swinn,jswinnga@washington.edu,Polygender,Zooxo,Engineering
588,Jasmine,Ainsby,jainsbygb@t.co,Genderfluid,Quaxo,Sales
589,Huntlee,Claypole,hclaypolegc@unicef.org,Non-binary,Dabfeed,Product Management
590,Evaleen,Hoffman,ehoffmangd@alibaba.com,Female,Muxo,Research and Development
591,Wendi,Ebourne,webournege@mysql.com,Agender,Realpoint,Business Development
592,Carmelle,Al Hirsi,calhirsigf@cpanel.net,Agender,Voonix,Legal
593,Garry,Dyhouse,gdyhousegg@deliciousdays.com,Agender,Voolia,Marketing
594,Killy,Fomichkin,kfomichkingh@umich.edu,Female,Jabbersphere,Marketing
595,Francesco,Inkpen,finkpengi@163.com,Polygender,Quinu,Accounting
596,Sollie,Patridge,spatridgegj@theglobeandmail.com,Polygender,Quinu,Legal
597,Leigha,Hynson,lhynsongk@slashdot.org,Non-binary,Mudo,Legal
598,Saunders,Rea,sreagl@com.com,Bigender,Skiba,Research and Development
599,Mike,Maxfield,mmaxfieldgm@behance.net,Genderqueer,Jazzy,Engineering
600,Sandor,Coxhell,scoxhellgn@dagondesign.com,Agender,Devshare,Marketing
601,Norrie,Trowler,ntrowlergo@51.la,Agender,Tanoodle,Training
602,Brittani,Catlin,bcatlingp@nbcnews.com,Genderqueer,Roodel,Product Management
603,Lucie,Job,ljobgq@biblegateway.com,Non-binary,Oyoyo,Engineering
604,Reinhard,Fergyson,rfergysongr@cargocollective.com,Male,Lazz,Research and Development
605,Stefania,Raddan,sraddangs@acquirethisname.com,Polygender,Yambee,Support
606,Michaella,Wason,mwasongt@seesaa.net,Genderqueer,Oba,Support
607,Berna,Kennerley,bkennerleygu@usda.gov,Female,Fanoodle,Accounting
608,Norma,Chasmar,nchasmargv@mozilla.com,Genderqueer,Devpulse,Business Development
609,Emylee,Tyer,etyergw@bloglovin.com,Male,Skyndu,Product Management
610,Cathyleen,McCue,cmccuegx@addthis.com,Agender,Meemm,Human Resources
611,Tillie,Storre,tstorregy@biblegateway.com,Genderqueer,Gevee,Accounting
612,Shepard,Greenhouse,sgreenhousegz@google.cn,Agender,Quimm,Product Management
613,Jeremy,Robertazzi,jrobertazzih0@dyndns.org,Non-binary,Abata,Engineering
614,Channa,Radki,cradkih1@mozilla.com,Bigender,Skalith,Sales
615,Starr,Yglesia,syglesiah2@yellowbook.com,Bigender,Voonyx,Legal
616,Amerigo,Hugland,ahuglandh3@epa.gov,Genderfluid,Zoombox,Engineering
617,Aundrea,Haulkham,ahaulkhamh4@wiley.com,Genderqueer,Aimbo,Legal
618,Ofella,Watkiss,owatkissh5@hexun.com,Male,Jabberbean,Services
619,Thebault,Winkell,twinkellh6@narod.ru,Bigender,Realfire,Sales
620,Georgena,Lovell,glovellh7@acquirethisname.com,Non-binary,Yacero,Marketing
621,Temp,Vondracek,tvondracekh8@twitter.com,Agender,Blognation,Training
622,Iseabal,Jeanon,ijeanonh9@google.it,Non-binary,Zoomlounge,Marketing
623,David,Kasman,dkasmanha@cnn.com,Genderqueer,Browsebug,Services
624,Lodovico,Salle,lsallehb@washingtonpost.com,Male,Bubbletube,Marketing
625,Vassily,Monni,vmonnihc@feedburner.com,Bigender,Pixonyx,Services
626,Tonie,Berthelet,tberthelethd@hexun.com,Agender,Demivee,Engineering
627,Remus,Adnam,radnamhe@sohu.com,Polygender,Eimbee,Sales
628,Darby,Bim,dbimhf@mit.edu,Polygender,Eayo,Engineering
629,Patience,Shute,pshutehg@uiuc.edu,Female,Realbuzz,Product Management
630,Hadria,Arnoldi,harnoldihh@jimdo.com,Female,Youtags,Research and Development
631,Luciano,Allenson,lallensonhi@discovery.com,Female,Tavu,Services
632,Elicia,Cawthron,ecawthronhj@furl.net,Genderqueer,Tagfeed,Training
633,Kent,Andrichak,kandrichakhk@google.fr,Bigender,Katz,Training
634,Carling,Peace,cpeacehl@answers.com,Non-binary,Dazzlesphere,Accounting
635,Blinny,Pembery,bpemberyhm@fastcompany.com,Genderfluid,Zoombeat,Human Resources
636,See,Kitcatt,skitcatthn@ft.com,Non-binary,Twitterbridge,Business Development
637,Brinna,Hankard,bhankardho@studiopress.com,Female,Innojam,Marketing
638,Laetitia,Niset,lnisethp@booking.com,Genderfluid,Latz,Training
639,Harris,Hebdon,hhebdonhq@wired.com,Bigender,Ntag,Marketing
640,Wake,Bannard,wbannardhr@163.com,Polygender,Skivee,Sales
641,Elenore,Bulled,ebulledhs@alibaba.com,Female,Devpulse,Sales
642,Suzann,Isworth,sisworthht@independent.co.uk,Non-binary,Vinte,Support
643,Norrie,Begent,nbegenthu@nationalgeographic.com,Male,Oodoo,Business Development
644,Sue,O'Hartigan,sohartiganhv@gov.uk,Bigender,Tavu,Training
645,Clementine,Greenside,cgreensidehw@ted.com,Agender,Omba,Business Development
646,Mychal,Bettaney,mbettaneyhx@4shared.com,Non-binary,Browsedrive,Research and Development
647,Rasla,Karpfen,rkarpfenhy@youtu.be,Agender,Voonyx,Engineering
648,Paddie,Keppie,pkeppiehz@t-online.de,Genderfluid,Realbridge,Legal
649,Ree,Lapere,rlaperei0@deliciousdays.com,Bigender,Divavu,Support
650,Lyndell,Fitchen,lfitcheni1@cyberchimps.com,Bigender,Yabox,Accounting
651,Judi,Craigheid,jcraigheidi2@discovery.com,Agender,Nlounge,Business Development
652,Terrie,Walshaw,twalshawi3@cdc.gov,Bigender,Oyoyo,Support
653,Piggy,Stark,pstarki4@sakura.ne.jp,Non-binary,Blogpad,Support
654,Jon,Ondracek,jondraceki5@apache.org,Genderqueer,Podcat,Services
655,Delmar,Gable,dgablei6@trellian.com,Non-binary,Wikido,Legal
656,Maxi,Coie,mcoiei7@behance.net,Polygender,Feedbug,Research and Development
657,Iosep,Clampe,iclampei8@friendfeed.com,Agender,Digitube,Product Management
658,Aldous,Meletti,amelettii9@aboutads.info,Genderqueer,Twitterworks,Marketing
659,Ashley,Dalgliesh,adalglieshia@oakley.com,Bigender,Browsezoom,Services
660,Drake,Stapleford,dstaplefordib@nba.com,Bigender,Voolith,Support
661,Kalindi,Skepper,kskepperic@mac.com,Agender,Edgepulse,Accounting
662,Shellie,Hynam,shynamid@cmu.edu,Genderqueer,Skipstorm,Legal
663,Gayleen,Mucci,gmucciie@jalbum.net,Female,Tazzy,Product Management
664,Sapphira,Fearnill,sfearnillif@ezinearticles.com,Female,Rhybox,Training
665,Carol,McBay,cmcbayig@squidoo.com,Agender,Skyba,Support
666,Alf,Stack,astackih@xrea.com,Genderfluid,Youtags,Product Management
667,Melina,Laroze,mlarozeii@aboutads.info,Female,Yamia,Product Management
668,Nikki,Baake,nbaakeij@gmpg.org,Bigender,Avaveo,Training
669,Janis,Picknett,jpicknettik@linkedin.com,Male,Riffwire,Engineering
670,Uriel,Tolomelli,utolomelliil@blinklist.com,Genderfluid,Meedoo,Product Management
671,Carrol,Jurick,cjurickim@paypal.com,Male,Wikibox,Human Resources
672,Gun,Orlton,gorltonin@booking.com,Female,Jetpulse,Marketing
673,Gwendolin,Penzer,gpenzerio@sun.com,Bigender,Thoughtstorm,Accounting
674,Valentino,Assur,vassurip@google.ca,Genderfluid,Photospace,Services
675,Hardy,Giberd,hgiberdiq@ameblo.jp,Agender,Skimia,Legal
676,Aldridge,Lampl,alamplir@squidoo.com,Female,Zoombeat,Business Development
677,Melissa,Hayne,mhayneis@amazon.de,Female,Vinder,Training
678,Lavina,Gatrell,lgatrellit@gravatar.com,Non-binary,Fivechat,Research and Development
679,Elmer,Fowden,efowdeniu@cbsnews.com,Non-binary,Roombo,Product Management
680,Gerta,Bridgen,gbridgeniv@odnoklassniki.ru,Agender,Meemm,Product Management
681,Ephrem,Pounder,epounderiw@bbb.org,Non-binary,Jatri,Training
682,Benn,Sails,bsailsix@ed.gov,Agender,Innotype,Human Resources
683,Morna,Laville,mlavilleiy@simplemachines.org,Female,Yacero,Legal
684,Rip,Fenn,rfenniz@virginia.edu,Polygender,Izio,Support
685,Bettye,Barnicott,bbarnicottj0@pbs.org,Polygender,Ntag,Training
686,Jenda,Hoodless,jhoodlessj1@over-blog.com,Non-binary,Rhyloo,Engineering
687,Keri,Rosin,krosinj2@tinyurl.com,Polygender,Tagfeed,Legal
688,Fallon,Smees,fsmeesj3@com.com,Agender,Dabfeed,Research and Development
689,Elissa,Haddeston,ehaddestonj4@networkadvertising.org,Polygender,Voonix,Engineering
690,Milena,Raynor,mraynorj5@ucsd.edu,Male,Babbleopia,Accounting
691,Karen,Shiers,kshiersj6@dion.ne.jp,Female,Mybuzz,Human Resources
692,Sue,Laing,slaingj7@independent.co.uk,Non-binary,Voolith,Training
693,Bessie,Storcke,bstorckej8@trellian.com,Bigender,Meedoo,Training
694,Michal,Reddings,mreddingsj9@yolasite.com,Genderqueer,Browsetype,Support
695,Hillel,Garn,hgarnja@issuu.com,Bigender,Blogpad,Research and Development
696,Nathaniel,Gashion,ngashionjb@rediff.com,Genderqueer,Kamba,Product Management
697,Elnar,Ansill,eansilljc@free.fr,Non-binary,Nlounge,Research and Development
698,Jorey,Crake,jcrakejd@businesswire.com,Genderfluid,Brainbox,Human Resources
699,Pietra,Baxstar,pbaxstarje@godaddy.com,Non-binary,Dabvine,Sales
700,Sharla,Mansbridge,smansbridgejf@skype.com,Genderfluid,Dynabox,Services
701,Wilona,Mooney,wmooneyjg@guardian.co.uk,Genderfluid,Tazzy,Product Management
702,Zarah,Sedgebeer,zsedgebeerjh@ehow.com,Agender,Divanoodle,Research and Development
703,Emelen,Charnley,echarnleyji@npr.org,Agender,Tagtune,Engineering
704,Blinni,Baly,bbalyjj@sciencedirect.com,Female,Topdrive,Accounting
705,Delainey,D'Alessio,ddalessiojk@mail.ru,Agender,Brainverse,Sales
706,Curtice,O' Quirk,coquirkjl@reverbnation.com,Genderqueer,Dablist,Product Management
707,Winny,Tollett,wtollettjm@reddit.com,Genderfluid,Gabcube,Human Resources
708,Cornelius,Andras,candrasjn@joomla.org,Bigender,Lajo,Human Resources
709,Shara,Dimond,sdimondjo@blog.com,Female,Jabberstorm,Legal
710,Fenelia,Lipson,flipsonjp@geocities.jp,Non-binary,Oyoloo,Engineering
711,Jo,Gobbet,jgobbetjq@vkontakte.ru,Polygender,Zoombox,Accounting
712,Currey,Borrett,cborrettjr@scribd.com,Bigender,Fliptune,Marketing
713,Zita,O'Feeney,zofeeneyjs@issuu.com,Male,Eire,Engineering
714,Bear,Allison,ballisonjt@desdev.cn,Female,Flashdog,Training
715,Leyla,Deaton,ldeatonju@woothemes.com,Bigender,Rhyloo,Training
716,Jackqueline,Toulamain,jtoulamainjv@over-blog.com,Non-binary,Twiyo,Legal
717,Ariana,Brimmicombe,abrimmicombejw@addtoany.com,Agender,Twinte,Support
718,Darice,Karpfen,dkarpfenjx@cisco.com,Agender,Photobug,Product Management
719,Tyson,Michurin,tmichurinjy@cisco.com,Genderqueer,Kayveo,Business Development
720,Nobe,Gurner,ngurnerjz@simplemachines.org,Non-binary,Browsebug,Services
721,Francis,Grigoroni,fgrigoronik0@alexa.com,Bigender,Leexo,Sales
722,Arel,Job,ajobk1@xrea.com,Polygender,Dabtype,Support
723,Agnes,Giddins,agiddinsk2@amazon.com,Genderqueer,Ntag,Marketing
724,Justina,Etter,jetterk3@scribd.com,Polygender,Zoozzy,Engineering
725,Jerrie,Heinel,jheinelk4@fema.gov,Genderfluid,Eadel,Engineering
726,Jude,Mathers,jmathersk5@ezinearticles.com,Agender,Myworks,Services
727,Malvina,Rosewell,mrosewellk6@canalblog.com,Non-binary,JumpXS,Sales
728,Jillie,Armstrong,jarmstrongk7@economist.com,Non-binary,Oyoloo,Research and Development
729,Vince,Niesegen,vniesegenk8@mapy.cz,Non-binary,Lazz,Sales
730,Perry,Longfield,plongfieldk9@1688.com,Genderfluid,Mydo,Legal
731,Lillian,Upham,luphamka@nifty.com,Non-binary,Skippad,Training
732,Purcell,Bamber,pbamberkb@shutterfly.com,Genderfluid,Dynabox,Accounting
733,Adrea,Larret,alarretkc@skype.com,Non-binary,Yakidoo,Product Management
734,Bartolemo,Woolveridge,bwoolveridgekd@phpbb.com,Bigender,Podcat,Human Resources
735,Marianne,Weaben,mweabenke@cargocollective.com,Polygender,Ainyx,Human Resources
736,Tony,Dassindale,tdassindalekf@smugmug.com,Genderfluid,Vitz,Legal
737,Donnell,Bassindale,dbassindalekg@amazonaws.com,Bigender,Photobean,Legal
738,Fianna,Elcome,felcomekh@reverbnation.com,Genderfluid,Jetpulse,Accounting
739,Merilyn,Champness,mchampnesski@economist.com,Bigender,Quaxo,Human Resources
740,Egbert,Sheehan,esheehankj@wiley.com,Genderfluid,Katz,Training
741,Titos,Cattel,tcattelkk@cnn.com,Female,Mydo,Support
742,Elli,Scurrell,escurrellkl@woothemes.com,Non-binary,Photofeed,Accounting
743,Kary,Cradoc,kcradockm@about.com,Bigender,Kimia,Training
744,Pearline,Cabera,pcaberakn@csmonitor.com,Non-binary,Topiczoom,Marketing
745,Maria,Kalinsky,mkalinskyko@cbslocal.com,Male,Trupe,Engineering
746,Sidoney,Threlkeld,sthrelkeldkp@accuweather.com,Agender,Lazzy,Business Development
747,Rose,Dahmel,rdahmelkq@shop-pro.jp,Bigender,Oyonder,Research and Development
748,Merwyn,Loosley,mloosleykr@diigo.com,Polygender,Wikibox,Marketing
749,Karlis,Woolens,kwoolensks@xinhuanet.com,Genderfluid,Vitz,Legal
750,Tonye,Newell,tnewellkt@domainmarket.com,Genderqueer,Tanoodle,Legal
751,Dennet,Steggals,dsteggalsku@trellian.com,Agender,Yabox,Marketing
752,Jerry,Allenson,jallensonkv@washingtonpost.com,Genderfluid,Zoomlounge,Research and Development
753,Franchot,Raunds,fraundskw@webmd.com,Polygender,Skyble,Engineering
754,Wendye,Gimlet,wgimletkx@google.it,Agender,Oodoo,Marketing
755,Dorthea,Balsellie,dbalsellieky@nps.gov,Genderfluid,Brainbox,Human Resources
756,Wayland,Coxall,wcoxallkz@webeden.co.uk,Bigender,Gabvine,Engineering
757,Georgi,Delacoste,gdelacostel0@go.com,Genderfluid,Linkbridge,Support
758,Dinah,Saffon,dsaffonl1@foxnews.com,Agender,Gabvine,Sales
759,Marya,Cottesford,mcottesfordl2@prweb.com,Polygender,Divavu,Legal
760,Stevy,Kidson,skidsonl3@addtoany.com,Non-binary,Gigashots,Marketing
761,Cherice,Stayt,cstaytl4@multiply.com,Female,Zoombeat,Sales
762,Garrik,Strutt,gstruttl5@bbb.org,Genderqueer,Yacero,Product Management
763,Dyan,Broadbury,dbroadburyl6@prweb.com,Genderqueer,Feednation,Research and Development
764,Nicoline,China,nchinal7@opensource.org,Male,Cogibox,Legal
765,Peggy,Dorro,pdorrol8@bloglovin.com,Female,Yodoo,Legal
766,Leigh,Holworth,lholworthl9@indiegogo.com,Agender,Yamia,Research and Development
767,Garwood,Ethridge,gethridgela@washingtonpost.com,Polygender,Thoughtsphere,Human Resources
768,Giffer,Slocket,gslocketlb@i2i.jp,Agender,Zoomcast,Training
769,Nils,Rollin,nrollinlc@discovery.com,Genderqueer,Thoughtstorm,Legal
770,Bruce,Ripper,bripperld@netscape.com,Genderfluid,Eamia,Business Development
771,Gerhardine,Kunat,gkunatle@mozilla.com,Genderqueer,Zazio,Services
772,Kiri,Wattisham,kwattishamlf@topsy.com,Bigender,Jabbersphere,Business Development
773,Boyce,Kilius,bkiliuslg@bluehost.com,Female,Thoughtstorm,Business Development
774,Lilah,Burstow,lburstowlh@google.ru,Male,Yakijo,Marketing
775,Clarice,Townes,ctownesli@blogspot.com,Female,Vimbo,Research and Development
776,Boris,Tumelty,btumeltylj@topsy.com,Agender,Kimia,Engineering
777,Dalt,Yanson,dyansonlk@google.com.hk,Non-binary,Mudo,Training
778,Gretchen,Pideon,gpideonll@unicef.org,Non-binary,Pixoboo,Business Development
779,Fletch,Gayter,fgayterlm@amazon.com,Genderfluid,Oyoba,Business Development
780,Baird,Bosenworth,bbosenworthln@examiner.com,Non-binary,Voonte,Services
781,Jerry,Sivyer,jsivyerlo@google.fr,Genderfluid,Gigashots,Legal
782,Abey,Rolinson,arolinsonlp@unc.edu,Female,Realfire,Business Development
783,Felipe,Peddersen,fpeddersenlq@nyu.edu,Female,Innotype,Business Development
784,Olympia,Alexandre,oalexandrelr@google.ca,Polygender,Skinix,Sales
785,Cathrine,McGibbon,cmcgibbonls@macromedia.com,Genderfluid,Linktype,Support
786,Moss,Radbourn,mradbournlt@discuz.net,Female,Photolist,Marketing
787,Chiquita,Gleaves,cgleaveslu@census.gov,Agender,Quinu,Product Management
788,Astra,Maren,amarenlv@histats.com,Male,Livetube,Marketing
789,Dunc,Gynn,dgynnlw@hibu.com,Genderqueer,Vitz,Legal
790,Jenelle,Greatreax,jgreatreaxlx@storify.com,Bigender,Photojam,Business Development
791,Randal,Warnock,rwarnockly@jalbum.net,Non-binary,Jamia,Services
792,Gaspar,Wildes,gwildeslz@github.com,Genderqueer,Jazzy,Business Development
793,Dyane,Masham,dmashamm0@cloudflare.com,Male,Devbug,Support
794,Lauri,MacCaughey,lmaccaugheym1@hugedomains.com,Female,Voonix,Engineering
795,Inger,Boulsher,iboulsherm2@google.ca,Non-binary,Rhynyx,Accounting
796,Nyssa,Manus,nmanusm3@purevolume.com,Polygender,Skaboo,Legal
797,Eugenie,Croughan,ecroughanm4@bing.com,Genderfluid,Zazio,Accounting
798,Chelsae,Menure,cmenurem5@odnoklassniki.ru,Polygender,Realcube,Engineering
799,Sanford,Ainsworth,sainsworthm6@umn.edu,Female,Skilith,Research and Development
800,Goldia,Sambath,gsambathm7@icio.us,Non-binary,Photojam,Product Management
801,Harri,Ragge,hraggem8@dmoz.org,Genderfluid,Skalith,Accounting
802,Liliane,Casoni,lcasonim9@tinypic.com,Genderfluid,Yodel,Accounting
803,Mallory,Arnold,marnoldma@exblog.jp,Genderfluid,Dabtype,Support
804,Carlina,McNair,cmcnairmb@businessinsider.com,Bigender,Vinte,Accounting
805,Marisa,Hammerberger,mhammerbergermc@fc2.com,Genderfluid,Pixonyx,Marketing
806,Luke,Darbon,ldarbonmd@seattletimes.com,Polygender,Livefish,Business Development
807,Elissa,Mouth,emouthme@flickr.com,Male,Shufflester,Accounting
808,Jolene,Whenman,jwhenmanmf@hatena.ne.jp,Agender,Dabvine,Business Development
809,Robinetta,Dinnington,rdinningtonmg@aboutads.info,Bigender,Aibox,Training
810,Cora,Lamkin,clamkinmh@state.gov,Male,Kazio,Engineering
811,Tasia,Arundel,tarundelmi@zdnet.com,Female,Zoomdog,Product Management
812,Nari,Brydone,nbrydonemj@nifty.com,Genderqueer,Yabox,Business Development
813,Alexandre,Beushaw,abeushawmk@house.gov,Genderqueer,Voomm,Research and Development
814,Ardys,Kevane,akevaneml@prlog.org,Agender,Myworks,Product Management
815,Jeth,Housego,jhousegomm@cam.ac.uk,Polygender,Zoozzy,Sales
816,Cris,Heims,cheimsmn@miitbeian.gov.cn,Genderqueer,Browsezoom,Engineering
817,Chantalle,Grimme,cgrimmemo@apache.org,Male,Centimia,Business Development
818,Valentia,Labone,vlabonemp@microsoft.com,Bigender,Kwimbee,Human Resources
819,Andreas,McGuire,amcguiremq@nbcnews.com,Bigender,Shuffledrive,Support
820,Siward,Heddan,sheddanmr@java.com,Non-binary,Divavu,Services
821,Darcee,Skelbeck,dskelbeckms@usa.gov,Male,Topiclounge,Product Management
822,Maure,Blondel,mblondelmt@cbslocal.com,Bigender,Janyx,Product Management
823,Waylen,Chin,wchinmu@dmoz.org,Female,Tagchat,Human Resources
824,Alli,Connikie,aconnikiemv@purevolume.com,Agender,Meejo,Training
825,Ringo,Janisson,rjanissonmw@google.ca,Bigender,Rhyloo,Training
826,Pegeen,Kernaghan,pkernaghanmx@sun.com,Female,Babbleopia,Services
827,Gipsy,Dunphie,gdunphiemy@engadget.com,Non-binary,Voomm,Training
828,Trix,Cable,tcablemz@spiegel.de,Genderqueer,Photospace,Sales
829,Sherm,Treske,stresken0@nasa.gov,Female,Photojam,Product Management
830,Horst,Skews,hskewsn1@blogs.com,Polygender,Abata,Human Resources
831,Gilbertina,Davenhall,gdavenhalln2@shinystat.com,Genderqueer,Voonte,Legal
832,Clarisse,Blackford,cblackfordn3@artisteer.com,Polygender,Tazz,Sales
833,Barbi,Sowrey,bsowreyn4@arizona.edu,Male,Jaxspan,Legal
834,Charita,De Filippo,cdefilippon5@fema.gov,Polygender,Tazzy,Human Resources
835,Cristina,Summerscales,csummerscalesn6@usatoday.com,Male,Skinder,Training
836,Viv,Statham,vstathamn7@wordpress.com,Genderqueer,Realbridge,Sales
837,Aubine,Garretson,agarretsonn8@wikipedia.org,Bigender,Vimbo,Training
838,Donaugh,Galfour,dgalfourn9@sphinn.com,Polygender,Twitterbeat,Support
839,Katey,Buck,kbuckna@patch.com,Female,Youspan,Research and Development
840,Gerardo,Tivolier,gtivoliernb@imageshack.us,Bigender,Skaboo,Accounting
841,Berrie,Feirn,bfeirnnc@bravesites.com,Female,Npath,Human Resources
842,Hermina,Chappell,hchappellnd@wunderground.com,Male,Thoughtsphere,Sales
843,Zora,Northley,znorthleyne@icio.us,Bigender,Zoozzy,Business Development
844,Judd,Blumire,jblumirenf@un.org,Male,Lajo,Accounting
845,Olenka,Silvermann,osilvermannng@about.me,Non-binary,Tambee,Product Management
846,Hannah,Spillane,hspillanenh@4shared.com,Non-binary,Kare,Sales
847,Egor,Good,egoodni@purevolume.com,Non-binary,Photojam,Research and Development
848,Dugald,Rzehor,drzehornj@rakuten.co.jp,Male,Bubbletube,Services
849,Holly-anne,Lambal,hlambalnk@amazon.de,Agender,Voonyx,Business Development
850,Elenore,Canlin,ecanlinnl@wix.com,Non-binary,Meemm,Services
851,Sonia,Shadrach,sshadrachnm@wisc.edu,Genderfluid,Rhyzio,Training
852,Dayle,Clutterbuck,dclutterbucknn@marriott.com,Polygender,Rhyloo,Human Resources
853,Rod,Auchinleck,rauchinleckno@feedburner.com,Male,Browsebug,Engineering
854,Harriot,Markova,hmarkovanp@cam.ac.uk,Male,Zazio,Services
855,Shelly,Hallor,shallornq@guardian.co.uk,Non-binary,Aimbu,Services
856,Gill,Savery,gsaverynr@guardian.co.uk,Bigender,Realbridge,Support
857,Darice,Antoniazzi,dantoniazzins@liveinternet.ru,Non-binary,Centimia,Human Resources
858,Garfield,Branthwaite,gbranthwaitent@google.com,Non-binary,Oba,Services
859,Goraud,Camies,gcamiesnu@irs.gov,Male,Gigabox,Services
860,Howie,Tarney,htarneynv@independent.co.uk,Male,Trudeo,Business Development
861,Maribel,Swyre,mswyrenw@eventbrite.com,Bigender,Trunyx,Training
862,Egbert,Martina,emartinanx@mail.ru,Non-binary,Fatz,Services
863,Monti,Messiter,mmessiterny@columbia.edu,Polygender,Plambee,Research and Development
864,Didi,Bischoff,dbischoffnz@bbb.org,Genderfluid,Browsecat,Marketing
865,Konstance,Shyres,kshyreso0@washington.edu,Male,Voonder,Services
866,Craggie,Jellicorse,cjellicorseo1@nbcnews.com,Male,Dabvine,Services
867,Nelie,Sleight,nsleighto2@google.nl,Female,Voomm,Product Management
868,Aube,Barnaclough,abarnaclougho3@dagondesign.com,Genderqueer,Edgewire,Research and Development
869,Zollie,Whittlesea,zwhittleseao4@paypal.com,Genderqueer,Ainyx,Sales
870,Cobb,Poynor,cpoynoro5@macromedia.com,Genderqueer,Demizz,Marketing
871,El,Pes,epeso6@amazon.co.jp,Agender,Yotz,Research and Development
872,Sullivan,Pirnie,spirnieo7@xrea.com,Polygender,Tagfeed,Support
873,Nicholas,Saphir,nsaphiro8@feedburner.com,Agender,Wikibox,Research and Development
874,Maud,Eastwood,meastwoodo9@1und1.de,Bigender,Skinix,Human Resources
875,Donovan,Mathivet,dmathivetoa@nyu.edu,Genderfluid,Realmix,Sales
876,Rosina,Tantum,rtantumob@tmall.com,Bigender,Yakitri,Legal
877,Wiley,Groom,wgroomoc@tripadvisor.com,Bigender,Kayveo,Accounting
878,Tatum,Keyser,tkeyserod@webs.com,Male,Quinu,Marketing
879,Ulrica,Avramovitz,uavramovitzoe@arizona.edu,Genderfluid,Browsezoom,Product Management
880,Staford,Polden,spoldenof@hud.gov,Genderqueer,Skaboo,Accounting
881,Abbey,McElory,amceloryog@sciencedaily.com,Agender,Tanoodle,Research and Development
882,Mayor,Freschi,mfreschioh@sun.com,Bigender,Wikizz,Support
883,Warde,Brigden,wbrigdenoi@yolasite.com,Polygender,Livetube,Legal
884,Guendolen,Blowick,gblowickoj@sohu.com,Bigender,Podcat,Product Management
885,Viola,Onians,voniansok@bloglovin.com,Polygender,Layo,Legal
886,Brigitte,Forten,bfortenol@timesonline.co.uk,Genderqueer,Flipbug,Training
887,Stephanus,MacLure,smaclureom@nymag.com,Polygender,Oyope,Business Development
888,Mortimer,Antoshin,mantoshinon@apple.com,Genderqueer,Ntags,Training
889,Adey,Spon,asponoo@springer.com,Male,Zoombeat,Training
890,Latrena,Dorkins,ldorkinsop@sun.com,Female,Voomm,Engineering
891,Coleen,Gatling,cgatlingoq@alexa.com,Bigender,Bluejam,Accounting
892,Sunny,Pinsent,spinsentor@mozilla.org,Male,Geba,Services
893,Elsworth,Wagen,ewagenos@admin.ch,Female,Yodo,Engineering
894,Manya,Kenningham,mkenninghamot@about.com,Male,Tagfeed,Support
895,Nickie,Goligher,ngoligherou@wired.com,Agender,Topdrive,Product Management
896,Kenny,Cantu,kcantuov@posterous.com,Genderqueer,Wikibox,Support
897,Francklin,D'Almeida,fdalmeidaow@patch.com,Genderfluid,Skyndu,Support
898,Val,Roache,vroacheox@macromedia.com,Bigender,Jazzy,Marketing
899,Carmen,Hasley,chasleyoy@hibu.com,Female,Wordpedia,Research and Development
900,Bethany,Melson,bmelsonoz@nifty.com,Agender,Skibox,Accounting
901,Trix,Yesenev,tyesenevp0@purevolume.com,Genderqueer,Feedmix,Training
902,Patrizio,Zannini,pzanninip1@sina.com.cn,Non-binary,Kwinu,Research and Development
903,Hendrik,Carlsen,hcarlsenp2@noaa.gov,Male,Ainyx,Support
904,Libbi,Oloshkin,loloshkinp3@nsw.gov.au,Polygender,Twimbo,Legal
905,Nicholle,Brimming,nbrimmingp4@ed.gov,Bigender,Pixoboo,Engineering
906,Ranique,Erb,rerbp5@list-manage.com,Female,Lazzy,Human Resources
907,Ephrayim,Finden,efindenp6@blogtalkradio.com,Agender,Fatz,Services
908,Gwenny,Toffts,gtofftsp7@vk.com,Female,Linkbridge,Sales
909,Maxie,Goligly,mgoliglyp8@lycos.com,Bigender,Lajo,Marketing
910,Pamella,Dupree,pdupreep9@surveymonkey.com,Female,Voolia,Business Development
911,Sarita,Woodvine,swoodvinepa@amazon.co.uk,Agender,Trudoo,Sales
912,Celle,Balharrie,cbalharriepb@trellian.com,Agender,Vidoo,Engineering
913,Chandal,Beeck,cbeeckpc@stumbleupon.com,Genderqueer,Dynava,Product Management
914,Lorrie,Coton,lcotonpd@fotki.com,Bigender,Devcast,Engineering
915,Una,Adshead,uadsheadpe@dedecms.com,Genderqueer,Tagopia,Services
916,Bentley,Libbey,blibbeypf@1und1.de,Male,Jaxspan,Research and Development
917,Frasco,Tearney,ftearneypg@sourceforge.net,Female,Feedbug,Training
918,Suzanna,Pancoast,spancoastph@opera.com,Agender,Meemm,Legal
919,Rosina,Eakly,reaklypi@redcross.org,Polygender,Digitube,Research and Development
920,Colas,Norville,cnorvillepj@statcounter.com,Male,Devbug,Sales
921,Abigail,Birdfield,abirdfieldpk@smugmug.com,Agender,InnoZ,Marketing
922,Tobie,Chidley,tchidleypl@ft.com,Bigender,Cogilith,Research and Development
923,Loni,Petracchi,lpetracchipm@rambler.ru,Genderqueer,Linktype,Accounting
924,Roman,Keuning,rkeuningpn@buzzfeed.com,Male,Babbleblab,Research and Development
925,Goldi,Legg,gleggpo@theguardian.com,Agender,Ntags,Product Management
926,Valina,Assender,vassenderpp@cdbaby.com,Polygender,Twitterwire,Business Development
927,Mariana,Paver,mpaverpq@webs.com,Polygender,Zoovu,Legal
928,Galina,Yokley,gyokleypr@intel.com,Female,Zoomcast,Training
929,Basile,Godfree,bgodfreeps@issuu.com,Female,Yambee,Research and Development
930,Ari,Ohrt,aohrtpt@howstuffworks.com,Female,Shuffletag,Business Development
931,Eadie,Aikenhead,eaikenheadpu@pen.io,Genderqueer,Oyope,Services
932,Joy,Hallsworth,jhallsworthpv@t-online.de,Polygender,Blogtags,Support
933,Poppy,Antonignetti,pantonignettipw@is.gd,Genderqueer,Meetz,Training
934,Joane,Huygens,jhuygenspx@ocn.ne.jp,Agender,Bluejam,Sales
935,Horatia,Alflatt,halflattpy@accuweather.com,Female,Youbridge,Support
936,Noll,Vedenisov,nvedenisovpz@sphinn.com,Male,Edgetag,Business Development
937,Evita,Queen,equeenq0@twitter.com,Bigender,Centizu,Legal
938,Wallie,Macvey,wmacveyq1@mac.com,Genderqueer,Plajo,Training
939,Lianne,Portal,lportalq2@istockphoto.com,Genderfluid,Tazzy,Legal
940,Matthew,Issett,missettq3@quantcast.com,Female,Browsetype,Engineering
941,Trevor,Dinneges,tdinnegesq4@yellowbook.com,Genderqueer,Cogilith,Support
942,Molly,Boland,mbolandq5@friendfeed.com,Bigender,Yakitri,Business Development
943,Bertrando,Grimshaw,bgrimshawq6@vkontakte.ru,Non-binary,Oyoyo,Human Resources
944,Francene,Heffer,fhefferq7@newsvine.com,Female,Lajo,Marketing
945,Hastings,McGriele,hmcgrieleq8@google.es,Female,Brainbox,Legal
946,Mikkel,MacCurtain,mmaccurtainq9@e-recht24.de,Bigender,Meembee,Training
947,Sunshine,Edmonstone,sedmonstoneqa@vistaprint.com,Genderqueer,Livetube,Sales
948,Stevy,Roumier,sroumierqb@odnoklassniki.ru,Male,Cogidoo,Human Resources
949,Salaidh,Beckenham,sbeckenhamqc@gravatar.com,Non-binary,Avaveo,Marketing
950,Wilmar,Gleave,wgleaveqd@google.fr,Bigender,Tekfly,Legal
951,Joey,Casaccia,jcasacciaqe@merriam-webster.com,Agender,Vinder,Training
952,Else,Osanne,eosanneqf@wp.com,Non-binary,Abatz,Business Development
953,Ellerey,Kilgrove,ekilgroveqg@redcross.org,Female,Divavu,Training
954,Kalina,Stawell,kstawellqh@tinyurl.com,Genderfluid,Aimbo,Services
955,Eudora,Katt,ekattqi@twitter.com,Polygender,Eayo,Marketing
956,Kendrick,Wragg,kwraggqj@creativecommons.org,Male,Cogilith,Research and Development
957,Augie,Stanaway,astanawayqk@opera.com,Genderfluid,Skipfire,Sales
958,Randie,Bibb,rbibbql@shop-pro.jp,Polygender,Realpoint,Training
959,Rem,Semmence,rsemmenceqm@dion.ne.jp,Non-binary,Shufflebeat,Product Management
960,Onida,Chaster,ochasterqn@mtv.com,Bigender,Mybuzz,Engineering
961,Care,Mundford,cmundfordqo@google.co.uk,Bigender,Yambee,Human Resources
962,Vevay,Trenam,vtrenamqp@chron.com,Bigender,Jayo,Marketing
963,D'arcy,Logan,dloganqq@photobucket.com,Genderfluid,Realmix,Human Resources
964,Jewelle,Eskrigg,jeskriggqr@gravatar.com,Genderfluid,Lazzy,Marketing
965,Leroy,Kenwin,lkenwinqs@howstuffworks.com,Genderqueer,Zava,Business Development
966,Coleen,Lowndesbrough,clowndesbroughqt@t-online.de,Non-binary,Voolia,Research and Development
967,Aldrich,Dries,adriesqu@gizmodo.com,Polygender,Browsecat,Engineering
968,Nels,Bru,nbruqv@gravatar.com,Genderfluid,Jaxbean,Business Development
969,Freida,Mathy,fmathyqw@jugem.jp,Female,Skipstorm,Human Resources
970,Melantha,Parkins,mparkinsqx@fc2.com,Polygender,Buzzbean,Legal
971,Noella,Matyushonok,nmatyushonokqy@toplist.cz,Female,Tazz,Engineering
972,Jeth,Kingcote,jkingcoteqz@adobe.com,Genderqueer,Gigazoom,Engineering
973,Ynes,Schermick,yschermickr0@arstechnica.com,Genderfluid,Dynazzy,Services
974,Josey,Jeandet,jjeandetr1@ocn.ne.jp,Bigender,Twitterbridge,Training
975,Marcie,Harmour,mharmourr2@pen.io,Female,Skilith,Research and Development
976,Justinian,Bouchier,jbouchierr3@live.com,Non-binary,Babbleset,Legal
977,Manny,Winterbottom,mwinterbottomr4@thetimes.co.uk,Male,Oyope,Legal
978,Gaston,Turmall,gturmallr5@reuters.com,Non-binary,Realbuzz,Engineering
979,Sharla,Skate,sskater6@gmpg.org,Male,Rhyloo,Services
980,Jeniece,Grant,jgrantr7@economist.com,Agender,Meemm,Human Resources
981,Carena,Lockett,clockettr8@51.la,Genderqueer,Realfire,Training
982,Wallie,Floyd,wfloydr9@adobe.com,Genderqueer,Twimm,Business Development
983,Heywood,Chess,hchessra@sun.com,Agender,Digitube,Accounting
984,Al,Bernadon,abernadonrb@e-recht24.de,Genderqueer,Eidel,Legal
985,Elga,Yakovlev,eyakovlevrc@domainmarket.com,Male,Kazu,Training
986,Maren,Wards,mwardsrd@bing.com,Genderfluid,Fliptune,Accounting
987,Roi,Cay,rcayre@walmart.com,Genderqueer,Youspan,Training
988,Yanaton,Heaven,yheavenrf@google.co.uk,Genderfluid,Kwinu,Human Resources
989,Foss,Campling,fcamplingrg@yahoo.com,Genderfluid,Brainlounge,Legal
990,Cirilo,Hue,chuerh@whitehouse.gov,Polygender,Twitterbeat,Human Resources
991,Gilburt,Redgewell,gredgewellri@csmonitor.com,Female,Twitterbeat,Marketing
992,Maynord,Nilles,mnillesrj@tuttocitta.it,Male,Meezzy,Services
993,Marleah,Weavill,mweavillrk@yahoo.com,Bigender,Janyx,Support
994,Renaud,Boxell,rboxellrl@buzzfeed.com,Genderfluid,Realcube,Research and Development
995,Rickey,Sole,rsolerm@bloomberg.com,Genderfluid,Yodoo,Training
996,Manda,Vain,mvainrn@paginegialle.it,Genderqueer,DabZ,Accounting
997,Kinnie,Marquiss,kmarquissro@independent.co.uk,Bigender,Brightdog,Training
998,Pauletta,Hesse,phesserp@newsvine.com,Non-binary,Trilith,Services
999,Brit,Cancellieri,bcancellierirq@drupal.org,Genderqueer,Feedmix,Accounting
1000,Roxana,Trenbay,rtrenbayrr@usnews.com,Male,Edgetag,Marketing
